mes,unidade,bloco,proprietario,kwh,n_sessoes,custo,dias_com_recarga
2026-04,101,A,Ana Silva,334.47,23,284.32,23
2026-04,102,A,Bruno Costa,942.47,38,976.2,28
2026-04,201,A,Carla Mendes,304.56,16,258.87,16
2026-04,202,A,Daniel Oliveira,238.55,12,241.89,12
2026-04,301,B,Elena Souza,618.57,25,539.89,25
2026-04,302,B,Felipe Santos,134.92,10,114.69,10
2026-04,401,B,Gabriela Lima,270.01,16,250.57,16
2026-04,402,B,Henrique Rocha,330.76,19,281.15,19
2026-05,101,A,Ana Silva,371.75,24,315.98,24
2026-05,102,A,Bruno Costa,957.37,36,1022.31,27
2026-05,201,A,Carla Mendes,338.15,17,287.45,17
2026-05,202,A,Daniel Oliveira,398.05,18,414.06,18
2026-05,301,B,Elena Souza,654.98,25,565.98,25
2026-05,302,B,Felipe Santos,118.24,10,100.51,10
2026-05,401,B,Gabriela Lima,323.54,18,331.67,18
2026-05,402,B,Henrique Rocha,362.8,19,308.39,19
2026-06,101,A,Ana Silva,351.52,19,298.8,19
2026-06,102,A,Bruno Costa,867.05,30,918.96,26
2026-06,201,A,Carla Mendes,327.12,16,278.06,16
2026-06,202,A,Daniel Oliveira,355.49,14,352.54,14
2026-06,301,B,Elena Souza,753.19,26,650.24,26
2026-06,302,B,Felipe Santos,86.36,6,73.41,6
2026-06,401,B,Gabriela Lima,242.64,14,248.39,14
2026-06,402,B,Henrique Rocha,336.16,18,285.72,18
2026-07,101,A,Ana Silva,411.42,25,349.71,25
2026-07,102,A,Bruno Costa,1142.08,37,1253.5,26
2026-07,201,A,Carla Mendes,356.4,16,302.94,16
2026-07,202,A,Daniel Oliveira,328.54,14,326.21,14
2026-07,301,B,Elena Souza,728.29,24,631.35,24
2026-07,302,B,Felipe Santos,139.6,10,118.66,10
2026-07,401,B,Gabriela Lima,70.35,4,74.72,4
2026-07,402,B,Henrique Rocha,538.69,26,457.88,26
2026-08,101,A,Ana Silva,421.75,23,358.49,23
2026-08,102,A,Bruno Costa,1263.91,42,1277.88,30
2026-08,201,A,Carla Mendes,439.15,18,373.29,18
2026-08,202,A,Daniel Oliveira,549.24,24,570.67,24
2026-08,301,B,Elena Souza,726.54,24,621.86,24
2026-08,302,B,Felipe Santos,172.43,13,146.57,13
2026-08,401,B,Gabriela Lima,378.89,19,362.95,19
2026-08,402,B,Henrique Rocha,444.6,22,377.91,22
2026-09,101,A,Ana Silva,291.83,18,248.05,18
2026-09,102,A,Bruno Costa,1088.08,37,1224.45,26
2026-09,201,A,Carla Mendes,306.06,14,260.13,14
2026-09,202,A,Daniel Oliveira,254.9,12,257.71,12
2026-09,301,B,Elena Souza,622.74,22,541.74,22
2026-09,302,B,Felipe Santos,62.55,5,53.16,5
2026-09,401,B,Gabriela Lima,245.64,13,227.17,13
2026-09,402,B,Henrique Rocha,378.11,20,321.4,20
2026-10,101,A,Ana Silva,34.54,2,29.36,2
2026-10,102,A,Bruno Costa,97.27,3,113.88,3
2026-10,201,A,Carla Mendes,39.25,2,33.36,2
2026-10,202,A,Daniel Oliveira,53.17,2,45.2,2
2026-10,301,B,Elena Souza,100.61,3,85.52,3
2026-10,302,B,Felipe Santos,0.0,0,0.0,0
2026-10,401,B,Gabriela Lima,51.37,3,45.82,3
2026-10,402,B,Henrique Rocha,54.08,3,45.96,3
